arm,seed,subset,count,finite_count,nonfinite_count,p50_mm,p95_mm,p99_mm,max_mm,within_3mm,within_10mm,gt50,gt100,fixed_control_gt50,new_gt50,regression_gt10,small_paths_retained
control,20260925,all,8272,8272,0,2.9558915116927453,9.833337219126788,20.41112850681989,125.64836436917584,0.5102756286266924,0.9512814313346228,27,6,0,0,0,True
control,20260925,mixed_k32,1111,1111,0,3.2398574729330893,15.755861564020167,68.63190615307687,125.64836436917584,0.43114311431143115,0.90999099909991,22,4,0,0,0,True
control,20260925,single_domain,7161,7161,0,2.911547090662358,9.272171132210827,16.41015060763249,116.85898134258454,0.5225527161011032,0.9576874738165061,5,2,0,0,0,True
control,20260925,junction_5mm,99,99,0,3.161301244093112,41.40844579006739,74.4161690684902,91.09533370044134,0.43434343434343436,0.898989898989899,5,0,0,0,0,True
control,20260925,junction_10mm,341,341,0,3.2274878776348794,19.132585575836924,67.99076974957975,102.90288418006443,0.4046920821114369,0.8944281524926686,8,1,0,0,0,True
control,20260925,junction_20mm,760,760,0,3.22774860674142,15.808038496631902,67.62054564963307,104.08394640873867,0.4276315789473684,0.9105263157894737,15,2,0,0,0,True
junction,20260925,all,8272,8272,0,3.0850340494410977,9.668843716059367,16.364785648100337,83.44484327635463,0.48416344294003866,0.9546663442940039,9,0,27,9,42,False
junction,20260925,mixed_k32,1111,1111,0,2.925536369351174,10.53490721376303,20.95899761638015,81.90364546067595,0.5175517551755175,0.9396939693969397,3,0,22,3,9,False
junction,20260925,single_domain,7161,7161,0,3.1132288697438253,9.534972647172374,15.730413078783593,83.44484327635463,0.4789833822091887,0.956989247311828,6,0,5,6,33,False
junction,20260925,junction_5mm,99,99,0,2.7128906247718394,9.26309735624377,28.949383610380387,34.52960370792369,0.5454545454545454,0.9494949494949495,0,0,5,0,0,False
junction,20260925,junction_10mm,341,341,0,2.824489759105016,10.548867817093475,25.856607831132635,80.16379903080615,0.5219941348973607,0.9384164222873901,1,0,8,1,2,False
junction,20260925,junction_20mm,760,760,0,2.904959829675547,10.244500304815057,31.170083445116838,83.44484327635463,0.5184210526315789,0.9434210526315789,4,0,15,4,9,False
task_only,20260925,all,8272,8272,0,2.860073790526875,10.13819106764754,19.726517083312277,132.38859211710164,0.534453578336557,0.9486218568665378,24,6,4,1,33,True
task_only,20260925,mixed_k32,1111,1111,0,2.9647786203032815,17.687243871026308,63.12807415327457,128.05383865484853,0.5103510351035103,0.8928892889288929,19,4,4,1,15,True
task_only,20260925,single_domain,7161,7161,0,2.842604359863835,9.294114198628423,15.965314564461595,132.38859211710164,0.538192989805893,0.9572685379136993,5,2,0,0,18,True
task_only,20260925,junction_5mm,99,99,0,2.6152068099334422,26.367031820613015,55.94700435658249,82.61995184485086,0.5858585858585859,0.8686868686868687,3,0,2,0,0,True
task_only,20260925,junction_10mm,341,341,0,2.9107205140637924,19.270492118126985,54.970730048097856,94.04333524557661,0.530791788856305,0.8768328445747801,5,0,3,0,3,True
task_only,20260925,junction_20mm,760,760,0,2.890510500118049,17.262128901968392,55.41383919119597,94.04333524557661,0.5368421052631579,0.8960526315789473,12,0,4,1,7,True
junction_task_only,20260925,all,8272,8272,0,3.0372281880630005,9.54942853834847,16.060360144441344,83.91374231460718,0.4920212765957447,0.9550290135396519,9,0,27,9,45,False
junction_task_only,20260925,mixed_k32,1111,1111,0,2.8734003672325987,10.264139413820686,20.339916987002898,75.69220272670317,0.5310531053105311,0.9486948694869487,3,0,22,3,10,False
junction_task_only,20260925,single_domain,7161,7161,0,3.0632062346747366,9.408736042380657,15.661300015690097,83.91374231460718,0.48596564725596986,0.9560117302052786,6,0,5,6,35,False
junction_task_only,20260925,junction_5mm,99,99,0,2.439507587717942,9.115666574085635,25.324525468331593,31.697142152784146,0.5959595959595959,0.9494949494949495,0,0,5,0,0,False
junction_task_only,20260925,junction_10mm,341,341,0,2.8677328222446006,10.176576635627692,24.54810160803607,75.69220272670317,0.5395894428152492,0.9472140762463344,1,0,8,1,3,False
junction_task_only,20260925,junction_20mm,760,760,0,2.8478295441579724,9.911425826000293,27.86056680194007,83.91374231460718,0.5421052631578948,0.95,4,0,15,4,10,False
control,20260926,all,8272,8272,0,3.3605550600311105,11.341135940406064,25.91635063728934,125.1157225939232,0.4234767891682785,0.934115087040619,33,5,0,0,0,True
control,20260926,mixed_k32,1111,1111,0,3.7655852437569712,19.98026643131891,85.06073952038011,125.1157225939232,0.3465346534653465,0.8784878487848785,30,5,0,0,0,True
control,20260926,single_domain,7161,7161,0,3.2948408540919254,10.568363245031463,20.938186674029847,73.29373883615656,0.43541404831727415,0.9427454266163944,3,0,0,0,0,True
control,20260926,junction_5mm,99,99,0,3.476465412413795,34.11478594251368,102.4374456663026,104.99972176768412,0.42424242424242425,0.9090909090909091,5,2,0,0,0,True
control,20260926,junction_10mm,341,341,0,3.7870963306411194,18.576199715585517,94.9480687206555,125.1157225939232,0.3724340175953079,0.906158357771261,11,3,0,0,0,True
control,20260926,junction_20mm,760,760,0,3.711623734219631,17.448577792966194,90.48229494540831,125.1157225939232,0.3592105263157895,0.9026315789473685,19,5,0,0,0,True
junction,20260926,all,8272,8272,0,3.773949422548311,11.206702005833534,19.525773719332303,124.59466636342304,0.34574468085106386,0.9316972920696325,15,2,33,15,80,False
junction,20260926,mixed_k32,1111,1111,0,3.7520052431484454,11.103894680940359,18.641590559854688,23.04212534468202,0.31863186318631864,0.9360936093609361,0,0,30,0,1,False
junction,20260926,single_domain,7161,7161,0,3.7785854505819265,11.291938353365008,19.61335658508148,124.59466636342304,0.34995112414467255,0.931015221337802,15,2,3,15,79,False
junction,20260926,junction_5mm,99,99,0,3.744795877292461,8.737786938942518,15.888661026533923,17.859939301718722,0.23232323232323232,0.9494949494949495,0,0,5,0,0,False
junction,20260926,junction_10mm,341,341,0,3.72388325883544,12.017063896527658,17.757294912210963,20.926964435584352,0.2961876832844575,0.9354838709677419,0,0,11,0,1,False
junction,20260926,junction_20mm,760,760,0,3.8185690790100204,11.278832048025706,19.03808161985686,34.11408246361919,0.30394736842105263,0.9381578947368421,0,0,19,0,5,False
task_only,20260926,all,8272,8272,0,3.3345146135330865,11.146520183743316,26.157509707451787,125.54475863652908,0.4348404255319149,0.9352030947775629,36,5,0,3,0,True
task_only,20260926,mixed_k32,1111,1111,0,3.775096415649561,19.872731142020417,86.77010385782245,125.54475863652908,0.35553555355535554,0.8757875787578758,32,5,0,2,0,True
task_only,20260926,single_domain,7161,7161,0,3.27098967840568,10.441696099109773,20.44691310623015,71.33037318102004,0.4471442535958665,0.9444211702276218,4,0,0,1,0,True
task_only,20260926,junction_5mm,99,99,0,3.7005849729870937,35.089009343435784,103.69833086794385,103.94734729886989,0.41414141414141414,0.9090909090909091,5,2,0,0,0,True
task_only,20260926,junction_10mm,341,341,0,3.851836598137324,18.909374693480185,96.23145079597867,125.54475863652908,0.36363636363636365,0.9090909090909091,11,3,0,0,0,True
task_only,20260926,junction_20mm,760,760,0,3.7051489171644683,18.015809734277216,92.07629961307586,125.54475863652908,0.35657894736842105,0.9026315789473685,20,5,0,1,0,True
junction_task_only,20260926,all,8272,8272,0,3.2655240807987314,10.95646608188537,23.4221022812738,112.84775466536794,0.4433027079303675,0.934115087040619,26,3,7,0,5,True
junction_task_only,20260926,mixed_k32,1111,1111,0,3.1498848293244537,17.35194244848504,75.02538697991363,112.84775466536794,0.45004500450045004,0.891989198919892,24,3,6,0,0,True
junction_task_only,20260926,single_domain,7161,7161,0,3.2798203134599113,10.544422624498804,18.9345923164273,71.81353910812021,0.4422566680631197,0.94065074710236,2,0,1,0,5,True
junction_task_only,20260926,junction_5mm,99,99,0,2.943420697898852,23.340133421533377,84.93212121395658,104.88254408252737,0.5151515151515151,0.9090909090909091,4,1,1,0,0,True
junction_task_only,20260926,junction_10mm,341,341,0,3.082464770844312,15.457031746811856,86.89191446756979,112.84775466536794,0.4780058651026393,0.906158357771261,9,2,2,0,0,True
junction_task_only,20260926,junction_20mm,760,760,0,3.081535320024497,12.258146971030595,84.80505693676321,112.84775466536794,0.4710526315789474,0.9210526315789473,16,3,3,0,0,True
